id,cliente,email,loja,valor
1,Gerrilee,gfick0@mac.com,centro,972.0
2,Mikkel,mtubritt1@go.com,copacabana,570.93
3,Bree,bmurrhardt2@discuz.net,madureira,441.0
4,Stearn,swaring3@dot.gov,madureira,741.98
5,Di,deggins4@tripadvisor.com,centro,887.79
6,Chadd,cbalderston5@goo.gl,recreio,399.38
7,Dave,dbuer6@netscape.com,copacabana,682.23
8,Reilly,rcrosen7@weebly.com,recreio,758.45
9,Sheela,segan8@google.pl,madureira,770.11
10,Corette,cratlee9@yandex.ru,copacabana,709.49
11,Mayor,mtrokera@go.com,centro,769.68
12,Juanita,jcarterb@unc.edu,copacabana,547.79
13,Kain,ksudellc@yelp.com,copacabana,492.09
14,Karlan,kpuddephattd@mac.com,centro,524.29
15,Francesca,fsabattiere@ucla.edu,recreio,719.77
16,Livvy,lsultanaf@aol.com,recreio,663.44
17,Dennison,dkeoghaneg@usnews.com,copacabana,745.67
18,Garreth,gdingateh@xrea.com,barra,590.68
19,Sim,sjaumeti@woothemes.com,recreio,772.74
20,Steward,ssacazej@posterous.com,barra,958.7
21,Gerald,gbraccik@miibeian.gov.cn,copacabana,636.23
22,Clarine,cpoorl@gravatar.com,centro,960.05
23,Tallulah,tribbensm@is.gd,copacabana,581.91
24,Stacie,sseedsn@earthlink.net,recreio,426.47
25,Maje,mrubinsohno@aol.com,recreio,790.97
26,Levey,ldarthep@odnoklassniki.ru,centro,662.97
27,Fidelia,ffluryq@archive.org,recreio,642.2
28,Orella,ochownr@harvard.edu,recreio,663.63
29,Wolfy,wvolants@apple.com,barra,873.04
30,Itch,icreyket@mozilla.org,centro,873.48
31,Nessi,nrawcliffu@economist.com,centro,803.42
32,Orelia,obonicelliv@liveinternet.ru,barra,983.48
33,Hobie,hromaw@cam.ac.uk,copacabana,746.19
34,Demetri,dorangex@redcross.org,centro,411.69
35,Kitty,kskipworthy@exblog.jp,copacabana,756.12
36,Hall,hwattamz@unc.edu,barra,362.58
37,Lurlene,lbarrie10@weebly.com,barra,976.87
38,Arin,anellen11@parallels.com,recreio,951.82
39,Gwennie,gsemarke12@mapquest.com,copacabana,774.81
40,Sileas,sdonlon13@taobao.com,centro,449.54
41,Devondra,dbadsey14@time.com,madureira,911.71
42,Thane,twilhelmy15@furl.net,madureira,854.31
43,Toddy,tbemlott16@meetup.com,barra,382.52
44,Karney,kdaniell17@freewebs.com,centro,883.6
45,Kandy,kmonkley18@histats.com,madureira,721.72
46,Enrico,equsklay19@buzzfeed.com,centro,698.25
47,Gunner,gsmorthit1a@people.com.cn,recreio,396.98
48,Ally,aklambt1b@wordpress.com,copacabana,749.36
49,Cristabel,cranner1c@bigcartel.com,copacabana,424.01
50,Kara,kpaulazzi1d@reuters.com,centro,634.35
51,Christabel,cgunning1e@yahoo.com,madureira,858.71
52,Yolande,ygoady1f@unc.edu,barra,486.45
53,Hillie,hbalwin1g@telegraph.co.uk,centro,963.12
54,Zoe,zlaville1h@instagram.com,recreio,810.16
55,Gilda,gternault1i@symantec.com,copacabana,962.89
56,Idaline,imcintosh1j@hao123.com,copacabana,835.12
57,Hebert,hhauch1k@senate.gov,centro,553.79
58,Kristo,kmazzilli1l@issuu.com,madureira,773.31
59,Tull,tloffhead1m@ameblo.jp,barra,702.99
60,Alla,apepperell1n@state.tx.us,madureira,387.85
61,Christian,csplevins1o@geocities.com,barra,375.1
62,Loy,ltavener1p@yellowbook.com,barra,653.83
63,Gweneth,gfowells1q@google.ca,copacabana,432.35
64,Beaufort,bdufer1r@pcworld.com,centro,946.2
65,Fredericka,fheugle1s@liveinternet.ru,centro,935.0
66,Chiquia,cmatzl1t@miibeian.gov.cn,barra,563.27
67,Loy,lsharpling1u@bing.com,copacabana,904.51
68,Justino,jdreakin1v@slate.com,copacabana,488.05
69,Ladonna,lhallstone1w@cnn.com,centro,498.73
70,Leann,lcranson1x@biblegateway.com,recreio,956.19
71,Lemuel,lperllman1y@symantec.com,copacabana,455.69
72,Even,eprimett1z@umich.edu,copacabana,979.25
73,Neddie,nbalderson20@europa.eu,centro,679.02
74,Dalt,dskully21@so-net.ne.jp,barra,786.21
75,Marrilee,mmanske22@irs.gov,centro,996.13
76,Earlie,eclubley23@1und1.de,madureira,803.54
77,Barnabe,beastop24@cnet.com,madureira,435.15
78,Osbourne,ogriffin25@ucoz.ru,copacabana,833.4
79,Annalise,avasyagin26@4shared.com,copacabana,929.88
80,Mendy,mdiprose27@gov.uk,barra,908.4
81,Leticia,lopy28@cnbc.com,centro,828.03
82,Theodoric,tcashmore29@fema.gov,copacabana,429.82
83,Christalle,cgonneau2a@illinois.edu,recreio,982.19
84,Colet,cbillyard2b@harvard.edu,barra,664.15
85,Annamaria,aprendiville2c@feedburner.com,barra,362.43
86,Torrance,tmurdie2d@loc.gov,centro,865.67
87,Filip,fbothams2e@quantcast.com,recreio,468.19
88,Piggy,phounihan2f@netvibes.com,recreio,490.15
89,Hali,hsoal2g@addthis.com,recreio,395.58
90,Dimitri,dmuldowney2h@theglobeandmail.com,centro,542.38
91,Tonnie,tpieper2i@gizmodo.com,madureira,526.49
92,Gaelan,gbrigge2j@chronoengine.com,centro,836.89
93,Cookie,cmckeurton2k@independent.co.uk,barra,489.41
94,Ninnetta,narter2l@cnbc.com,centro,957.79
95,Rosetta,rmcdaid2m@geocities.com,barra,824.58
96,Ingaborg,isotworth2n@reuters.com,copacabana,552.01
97,Fabiano,fmacculloch2o@hp.com,recreio,820.09
98,Faye,flawrance2p@360.cn,madureira,399.45
99,Mela,mkaemena2q@geocities.jp,barra,423.76
100,Charlot,cgoghin2r@google.de,barra,550.45
101,Ebony,epedden2s@skype.com,barra,859.42
102,Trish,tlumbly2t@histats.com,barra,756.46
103,Lewie,lalanbrooke2u@bigcartel.com,madureira,641.09
104,Marshall,mlettice2v@ovh.net,recreio,747.69
105,Wendel,wlane2w@blogtalkradio.com,recreio,922.67
106,Kyle,ksingh2x@macromedia.com,centro,661.95
107,Chandler,cwisam2y@thetimes.co.uk,recreio,786.51
108,Angelico,atompkin2z@cocolog-nifty.com,barra,969.4
109,Elsbeth,eadel30@europa.eu,barra,492.78
110,Midge,mtrevains31@ebay.co.uk,copacabana,892.25
111,Leela,lvitet32@google.es,madureira,968.78
112,Julie,jmccullum33@auda.org.au,centro,867.04
113,Mufi,moldaker34@surveymonkey.com,recreio,942.74
114,Laurent,lvoelker35@economist.com,centro,539.11
115,Edouard,evalero36@state.gov,centro,965.68
116,Kynthia,kbollard37@intel.com,centro,553.15
117,Freddi,fcomins38@cbc.ca,madureira,426.38
118,Nicolina,ntouzey39@wp.com,centro,468.15
119,Shandy,ssturt3a@disqus.com,barra,852.84
120,Marvin,mmohan3b@netlog.com,copacabana,997.78
121,Giles,gcurnock3c@facebook.com,barra,746.23
122,Hubey,hgollop3d@flickr.com,barra,931.43
123,Justin,jjencken3e@toplist.cz,barra,584.68
124,Hendrick,hdemarco3f@163.com,madureira,568.54
125,Luz,lmawford3g@abc.net.au,copacabana,840.84
126,Rhetta,rtaborre3h@ow.ly,barra,981.27
127,Horacio,hoverthrow3i@acquirethisname.com,barra,929.82
128,Dominique,dpadwick3j@jimdo.com,copacabana,846.04
129,Frederique,fyeudall3k@issuu.com,madureira,749.63
130,Kiri,kondrousek3l@clickbank.net,barra,470.1
131,Mahmud,mtynan3m@e-recht24.de,madureira,892.19
132,Helli,harnfield3n@blogtalkradio.com,recreio,807.87
133,Ramon,rpietz3o@google.it,centro,406.78
134,Toiboid,tclissold3p@weibo.com,barra,996.4
135,Cointon,cbent3q@example.com,copacabana,390.04
136,Kare,kshipston3r@mit.edu,recreio,794.24
137,Daisy,dmclelland3s@shinystat.com,copacabana,611.33
138,Gabbie,gdanelet3t@mediafire.com,centro,759.95
139,Raymond,roblein3u@sakura.ne.jp,copacabana,442.96
140,Yurik,ygrocock3v@dot.gov,copacabana,417.58
141,Danielle,dfellon3w@kickstarter.com,recreio,364.8
142,Cyb,cpiquard3x@sphinn.com,recreio,507.79
143,Catriona,cbointon3y@cbslocal.com,centro,418.62
144,Zarla,zhawkings3z@jugem.jp,copacabana,736.68
145,Michele,mpawden40@princeton.edu,barra,705.99
146,Shel,smerriott41@google.co.uk,copacabana,524.89
147,Brendon,babbate42@live.com,madureira,524.33
148,Arlin,afellos43@toplist.cz,centro,555.12
149,Noland,npawelski44@state.tx.us,copacabana,886.86
150,Parrnell,ppauleit45@walmart.com,copacabana,925.26
151,Engelbert,emitchenson46@sourceforge.net,centro,859.34
152,Nappy,ngulleford47@bluehost.com,madureira,627.88
153,Barnabe,bchallenor48@jigsy.com,centro,990.82
154,Keriann,kboffin49@nsw.gov.au,centro,448.94
155,Wilone,wmcelwee4a@hugedomains.com,copacabana,934.24
156,Raeann,rscrafton4b@github.io,centro,435.84
157,Abe,aheliar4c@networkadvertising.org,centro,765.71
158,Elsy,ekyte4d@squarespace.com,barra,891.96
159,Savina,shawkswood4e@wikimedia.org,madureira,702.45
160,Fran,fredgewell4f@indiegogo.com,barra,506.44
161,Lilli,lserjeantson4g@nature.com,centro,539.4
162,Hedwiga,hgrimley4h@skype.com,centro,415.01
163,Gwenette,girons4i@time.com,centro,701.8
164,Joyann,jhandscomb4j@netscape.com,recreio,425.09
165,Dean,dmccarrick4k@hostgator.com,madureira,658.75
166,Jorry,jsussans4l@zdnet.com,copacabana,660.08
167,Madalyn,msagrott4m@youtube.com,copacabana,765.52
168,Aldous,ablackstone4n@gmpg.org,madureira,428.9
169,Kaja,klydiard4o@microsoft.com,centro,493.28
170,Manon,mtemblett4p@columbia.edu,barra,865.01
171,Lewiss,ldictus4q@theguardian.com,recreio,928.29
172,Murielle,mligoe4r@twitpic.com,barra,961.4
173,Alyss,aminthorpe4s@weibo.com,centro,517.42
174,Bartlet,bbartozzi4t@reuters.com,recreio,822.23
175,Penny,pkingaby4u@drupal.org,madureira,663.4
176,Jaimie,jlefleming4v@cargocollective.com,barra,461.66
177,Bald,beldredge4w@yellowpages.com,recreio,571.3
178,Jdavie,jsilly4x@wordpress.com,copacabana,989.96
179,Wandis,wwatson4y@google.com.hk,recreio,569.49
180,Faunie,fkerkham4z@wired.com,recreio,508.46
181,Sander,sbaudins50@dropbox.com,centro,417.4
182,Nerte,nblodget51@infoseek.co.jp,madureira,999.94
183,Janette,jdurtnal52@slideshare.net,recreio,674.3
184,Dee dee,dcapron53@biblegateway.com,copacabana,872.7
185,Darleen,ddaintith54@infoseek.co.jp,barra,700.38
186,Nester,nerskine55@opensource.org,barra,614.63
187,Rollin,roverell56@java.com,copacabana,407.04
188,Giraldo,gmcadam57@ucoz.ru,recreio,430.83
189,Otto,oshearwood58@fastcompany.com,centro,808.41
190,Charlena,cmctrustey59@eventbrite.com,recreio,995.14
191,Windham,wdalston5a@webeden.co.uk,madureira,750.92
192,Patrizio,psnaith5b@virginia.edu,centro,759.93
193,Jade,jsutterfield5c@pinterest.com,recreio,744.2
194,Ginelle,gandriss5d@theguardian.com,madureira,435.95
195,Elberta,ebutner5e@topsy.com,barra,840.21
196,Meyer,mstygall5f@wp.com,barra,548.93
197,Melisenda,mkelf5g@topsy.com,madureira,492.83
198,Park,pmerrett5h@google.co.uk,recreio,813.5
199,Patricia,ptinston5i@adobe.com,madureira,654.77
200,Samson,svanes5j@census.gov,madureira,642.11
201,Nadya,nrennix5k@sphinn.com,centro,961.65
202,Deva,dworms5l@nhs.uk,madureira,522.58
203,Joelie,jbramont5m@rakuten.co.jp,centro,371.01
204,Cookie,cheap5n@biglobe.ne.jp,barra,619.53
205,Idette,igynni5o@smh.com.au,recreio,742.08
206,Jozef,jmuston5p@ezinearticles.com,madureira,869.2
207,Rosmunda,rmcgunley5q@shinystat.com,madureira,359.25
208,Alic,akingsworth5r@jiathis.com,centro,666.91
209,Carin,cpresshaugh5s@sina.com.cn,recreio,494.8
210,Gladi,gcourtney5t@reuters.com,copacabana,825.69
211,Konstantine,kbasindale5u@google.com.au,copacabana,998.26
212,Lorianne,lmcaleese5v@yolasite.com,centro,610.49
213,Lenee,lkench5w@rambler.ru,copacabana,910.49
214,Izzy,ivivien5x@telegraph.co.uk,recreio,543.83
215,Irma,ibugby5y@ucoz.ru,copacabana,951.99
216,Hilary,hmorsom5z@home.pl,madureira,367.27
217,Cristy,ckilius60@typepad.com,madureira,617.14
218,Alene,awimmers61@amazon.de,copacabana,541.97
219,Lennie,lseton62@jimdo.com,recreio,451.21
220,Clemente,cmolen63@chronoengine.com,madureira,427.85
221,Welsh,wpeltz64@bbc.co.uk,centro,372.78
222,Cynthia,crudolfer65@guardian.co.uk,madureira,876.56
223,Odette,oreboulet66@mlb.com,barra,950.82
224,Abeu,aloddy67@youtu.be,madureira,479.29
225,Savina,sveighey68@exblog.jp,recreio,369.7
226,Ardelis,asawkins69@wikispaces.com,madureira,753.93
227,Augustine,asmalley6a@t-online.de,barra,511.54
228,Georgiana,gjochanany6b@theguardian.com,copacabana,780.4
229,Linc,lsimone6c@globo.com,recreio,791.05
230,Kendricks,kgreensmith6d@forbes.com,recreio,652.94
231,Farah,fheino6e@google.com.au,madureira,868.39
232,Rita,rorteaux6f@techcrunch.com,centro,886.17
233,Lark,lpigny6g@china.com.cn,centro,574.63
234,Gertie,gjosephs6h@theglobeandmail.com,recreio,676.34
235,Krispin,khamshere6i@nature.com,madureira,925.78
236,Joelynn,jcartmill6j@furl.net,recreio,377.28
237,Irene,ikildale6k@techcrunch.com,recreio,864.7
238,Hanny,hkubasiewicz6l@pbs.org,recreio,940.87
239,Carter,chobben6m@twitpic.com,copacabana,673.35
240,Minnie,mkubis6n@noaa.gov,barra,488.79
241,Edik,ezanetti6o@altervista.org,centro,860.16
242,Hanan,htye6p@wikia.com,barra,522.02
243,Micheal,mhirche6q@deviantart.com,recreio,776.81
244,Carmelita,clenihan6r@oakley.com,madureira,897.1
245,Warde,wcavendish6s@odnoklassniki.ru,recreio,744.33
246,Worth,wdownton6t@yelp.com,barra,985.13
247,Giff,gnucci6u@yellowbook.com,recreio,889.7
248,Haley,hcornelis6v@zimbio.com,recreio,412.54
249,Selestina,soronan6w@usda.gov,barra,915.39
250,Sunshine,svogt6x@photobucket.com,madureira,717.56
251,Teri,tdowey6y@ehow.com,barra,633.4
252,Merv,mjewster6z@biblegateway.com,copacabana,644.52
253,Natividad,nnewby70@bigcartel.com,centro,952.9
254,Sibylla,szanneli71@blogs.com,madureira,537.79
255,Meaghan,mmckitterick72@army.mil,centro,956.29
256,Wendie,wbreagan73@intel.com,copacabana,547.52
257,Charisse,cphillp74@alexa.com,centro,392.6
258,Wallis,wwiles75@wikimedia.org,copacabana,771.77
259,Thia,tyakovitch76@cargocollective.com,madureira,606.72
260,Kevan,khughlin77@mac.com,recreio,663.21
261,Georg,gfarthing78@quantcast.com,centro,904.21
262,Tann,thirsch79@ezinearticles.com,recreio,934.09
263,Tore,tdehmel7a@wikia.com,centro,544.35
264,Marmaduke,mbetty7b@aol.com,copacabana,395.52
265,Doy,drotte7c@hao123.com,madureira,984.5
266,Hershel,hlawes7d@rambler.ru,madureira,506.34
267,Addia,agarioch7e@taobao.com,madureira,771.08
268,Arluene,aboston7f@wp.com,centro,408.42
269,Sandie,saven7g@prweb.com,madureira,917.43
270,Archie,awatt7h@themeforest.net,copacabana,997.28
271,Ashia,ahingeley7i@mtv.com,centro,564.97
272,Cherri,cmaccrackan7j@ifeng.com,centro,439.7
273,Cyrus,cmordecai7k@slashdot.org,barra,391.67
274,Lidia,lbrydie7l@cbc.ca,barra,558.73
275,Zolly,zaggs7m@google.cn,centro,734.03
276,Clara,crogers7n@weebly.com,copacabana,691.89
277,Emmie,etoynbee7o@npr.org,centro,838.22
278,Donovan,dbernocchi7p@wisc.edu,barra,825.17
279,Aviva,alindgren7q@mit.edu,recreio,398.34
280,Jae,jmccomb7r@si.edu,centro,452.61
281,Orbadiah,olestrange7s@github.com,centro,811.65
282,Nils,ngamwell7t@spiegel.de,recreio,473.69
283,Elianore,eburley7u@hhs.gov,barra,768.8
284,Madison,mklimkiewich7v@noaa.gov,centro,804.6
285,Salli,sfortye7w@shinystat.com,recreio,862.12
286,Vasilis,vantonutti7x@pcworld.com,centro,952.54
287,Adria,abortolozzi7y@si.edu,copacabana,962.68
288,Lek,ldemorena7z@blogtalkradio.com,copacabana,369.75
289,Guinna,gpiatkow80@phpbb.com,copacabana,744.09
290,Anthe,aduckering81@technorati.com,barra,630.73
291,Nettie,nmockler82@japanpost.jp,madureira,984.58
292,Orran,oheddy83@dedecms.com,centro,571.31
293,Pierette,pocallaghan84@hp.com,barra,579.15
294,Franny,fsharpless85@who.int,copacabana,910.41
295,Cosmo,churtic86@printfriendly.com,madureira,725.65
296,Rolando,rpepper87@paypal.com,barra,513.71
297,Germaine,gkell88@kickstarter.com,barra,351.73
298,Ronnie,rdeery89@tripod.com,copacabana,446.25
299,Corbin,carundel8a@netvibes.com,barra,441.41
300,Liane,lthornewell8b@vinaora.com,madureira,756.77
301,Gabi,growcliffe8c@eventbrite.com,centro,532.32
302,Agosto,abrozek8d@harvard.edu,copacabana,632.87
303,Nikola,nklouz8e@intel.com,madureira,510.98
304,Reggy,rboleyn8f@ted.com,barra,956.41
305,Vere,vglede8g@issuu.com,madureira,515.82
306,Gregor,gmoxham8h@dot.gov,madureira,656.52
307,Marijo,mteaser8i@rediff.com,barra,610.66
308,Bennie,bdanat8j@merriam-webster.com,barra,810.39
309,Deni,dsadler8k@ebay.com,barra,721.72
310,Shem,sbytheway8l@yellowbook.com,copacabana,978.85
311,Shae,ssculley8m@mysql.com,madureira,815.01
312,Bertie,boborne8n@twitpic.com,centro,869.52
313,Nealson,ncrace8o@hubpages.com,copacabana,577.13
314,Madelyn,mhevner8p@networkadvertising.org,copacabana,558.04
315,Bernhard,bbarras8q@g.co,copacabana,867.22
316,Jacquette,jmisson8r@163.com,centro,686.3
317,Russell,rbrightman8s@google.es,barra,846.52
318,Sascha,ssangar8t@amazon.co.uk,copacabana,448.16
319,Udale,uparchment8u@4shared.com,barra,499.52
320,Allie,apitherick8v@illinois.edu,centro,682.99
321,Burtie,bhavelin8w@godaddy.com,centro,605.0
322,Filip,fwhittlesea8x@reuters.com,madureira,844.86
323,Nancy,nseakin8y@booking.com,recreio,728.78
324,Jeth,jcordie8z@stumbleupon.com,barra,941.67
325,Rip,rsabates90@list-manage.com,madureira,892.23
326,Ethelin,etowne91@discuz.net,copacabana,664.36
327,Eyde,ejohnes92@patch.com,madureira,590.73
328,Elayne,emccrum93@microsoft.com,copacabana,705.11
329,Mallorie,mgianasi94@dropbox.com,barra,944.52
330,Jorge,joyley95@go.com,barra,845.08
331,Carlynn,cpreskett96@purevolume.com,barra,868.91
332,Chane,cmaypowder97@hostgator.com,copacabana,931.1
333,Harrison,hwestgarth98@yolasite.com,barra,972.1
334,Shelba,srushby99@narod.ru,copacabana,434.26
335,Tedi,tcowsby9a@state.tx.us,recreio,796.85
336,Elnar,ehassen9b@typepad.com,centro,635.13
337,Berky,byusupov9c@mtv.com,recreio,966.31
338,Ari,abartoshevich9d@google.com,centro,821.94
339,Jessy,jlockhart9e@nps.gov,barra,907.62
340,Johnnie,jyouthead9f@tumblr.com,madureira,643.5
341,Del,ddillet9g@princeton.edu,madureira,605.59
342,Paco,pgonneau9h@amazon.co.jp,barra,502.78
343,Denny,dmckinna9i@squidoo.com,centro,463.13
344,Ches,cmanthroppe9j@google.co.uk,recreio,689.75
345,Kippy,khabeshaw9k@netlog.com,madureira,917.68
346,Paton,plummis9l@quantcast.com,recreio,639.3
347,Maura,mrosenschein9m@cnet.com,barra,949.72
348,Ralf,ryurtsev9n@dropbox.com,barra,901.18
349,Rebekkah,rcaulwell9o@mysql.com,centro,531.48
350,Didi,dmenere9p@pbs.org,copacabana,803.18
351,Maxy,mmacgarvey9q@phoca.cz,barra,579.63
352,Salaidh,smessenger9r@constantcontact.com,centro,722.39
353,Tammara,tlanchbury9s@last.fm,barra,707.83
354,Staford,skirmond9t@google.cn,recreio,876.66
355,Petronia,pcrankhorn9u@cdbaby.com,centro,604.42
356,Kim,kaleswell9v@opera.com,recreio,692.28
357,Jacques,jpatnelli9w@latimes.com,recreio,523.36
358,Cora,cmulkerrins9x@newyorker.com,barra,627.5
359,Gian,ggrunnill9y@noaa.gov,centro,357.68
360,Andris,acockin9z@slashdot.org,madureira,872.93
361,Vladimir,vburgetta0@epa.gov,madureira,707.49
362,Roxi,rchastela1@umich.edu,recreio,857.84
363,Clarabelle,cwychea2@storify.com,recreio,919.58
364,Darice,dkleisa3@engadget.com,centro,902.1
365,Wendy,wcastellana4@state.gov,copacabana,411.44
366,Renell,rgambella5@arizona.edu,copacabana,654.18
367,Novelia,ngrogora6@umich.edu,copacabana,704.77
368,Rivy,rcockrilla7@goodreads.com,centro,449.31
369,Halli,hcruza8@mozilla.com,copacabana,824.06
370,Cyndie,cblunna9@geocities.jp,madureira,816.56
371,Lindsay,ljelfaa@merriam-webster.com,centro,970.7
372,Ethelda,ebeadelab@netlog.com,recreio,519.99
373,Hedvig,hendonac@feedburner.com,madureira,601.4
374,Bernhard,bmarkushkinad@nyu.edu,recreio,817.58
375,Billy,bkeymerae@si.edu,barra,764.51
376,Randi,rtranfieldaf@people.com.cn,recreio,350.9
377,Annabal,acabanag@friendfeed.com,recreio,626.19
378,Melanie,mraddishah@rakuten.co.jp,copacabana,465.42
379,Jorge,jhazzardai@senate.gov,recreio,672.4
380,Omar,odavinetaj@time.com,madureira,726.64
381,Elston,eawdeak@prlog.org,copacabana,775.24
382,Bibi,bizatsonal@google.com.au,copacabana,884.29
383,Colette,crottgeram@qq.com,recreio,386.81
384,Florence,fweinbergan@answers.com,centro,528.16
385,Dasi,daltimasao@telegraph.co.uk,copacabana,610.63
386,Hunt,hlinnap@wix.com,recreio,525.99
387,Juieta,jgrasseraq@reddit.com,centro,917.48
388,Ellene,eeaglear@oaic.gov.au,madureira,569.94
389,Mattheus,mbyffordas@phpbb.com,centro,713.01
390,Inessa,iciabatteriat@taobao.com,copacabana,772.88
391,Kelley,kjanau@bloglovin.com,barra,913.12
392,Bertrando,bmatthaiav@kickstarter.com,recreio,476.68
393,Dynah,demmanueleaw@drupal.org,recreio,640.49
394,Ward,wrutiglianoax@freewebs.com,copacabana,790.0
395,Robbert,rbowlday@walmart.com,recreio,600.16
396,Raimundo,rcomussoaz@nymag.com,copacabana,528.2
397,Zolly,zbickerstaffb0@oakley.com,madureira,424.56
398,Read,rbigginsb1@e-recht24.de,madureira,611.95
399,Keith,kpepperb2@dailymail.co.uk,madureira,367.86
400,Norrie,ntwellb3@miitbeian.gov.cn,madureira,487.92
401,Cammie,clegriceb4@xinhuanet.com,copacabana,930.09
402,Willabella,wstonaryb5@mit.edu,recreio,397.53
403,Elijah,epordallb6@sohu.com,madureira,594.2
404,Dori,ddaffeyb7@posterous.com,madureira,504.26
405,Lon,lblindeb8@illinois.edu,madureira,423.02
406,Selia,servineb9@mapquest.com,copacabana,488.25
407,Berthe,bcorkba@flickr.com,centro,423.78
408,Quent,qissacoffbb@hatena.ne.jp,madureira,701.58
409,Lavena,lhundallbc@auda.org.au,copacabana,830.66
410,Meir,mkochbd@godaddy.com,madureira,558.21
411,Durward,dadolfsonbe@ning.com,recreio,697.04
412,Zacharie,zgaishsonbf@github.io,centro,535.42
413,Zenia,zhorningbg@stanford.edu,recreio,854.49
414,Guthrie,goenbh@ted.com,centro,907.74
415,Aldric,aleipeltbi@pen.io,copacabana,786.57
416,Barthel,brickerbj@rakuten.co.jp,recreio,886.55
417,Austine,atenchbk@github.com,barra,678.94
418,Katleen,ksouthcombbl@unesco.org,madureira,511.51
419,Brice,bhugganbm@unc.edu,recreio,371.77
420,Riobard,rmatiewebn@epa.gov,centro,927.32
421,Dionisio,dabyssbo@timesonline.co.uk,madureira,632.05
422,Oswald,oricholdbp@geocities.jp,recreio,801.52
423,Robbert,rcubbinobq@g.co,recreio,897.2
424,Carley,ccecelybr@sina.com.cn,recreio,832.32
425,Cristian,chaggletonbs@feedburner.com,copacabana,417.57
426,Tamarra,tdeabillbt@google.com.br,madureira,589.9
427,Salvidor,salldreadbu@wp.com,centro,814.76
428,Bonni,bbachbv@t-online.de,madureira,448.54
429,Robina,rbartaluccibw@ocn.ne.jp,madureira,566.13
430,Korney,krenshawbx@cbslocal.com,madureira,956.11
431,Kipper,kroycroftby@slideshare.net,barra,820.04
432,Galvan,gsimonbz@cyberchimps.com,madureira,733.76
433,Didi,dknightlyc0@amazonaws.com,copacabana,877.15
434,Staford,screnagec1@cbslocal.com,centro,434.46
435,Patsy,parbucklec2@mlb.com,madureira,405.81
436,Katusha,kblasettic3@ovh.net,centro,831.88
437,Bartholomeus,bmatsonc4@google.com,centro,450.79
438,Andie,araysc5@businesswire.com,recreio,481.31
439,Huntley,hlarnec6@storify.com,copacabana,928.57
440,Packston,pgreenleyc7@opensource.org,centro,534.27
441,Gerald,gbiasic8@plala.or.jp,copacabana,845.89
442,Gladys,gsorec9@amazon.co.uk,centro,831.64
443,Alida,atoopeca@biblegateway.com,copacabana,938.51
444,Jeremiah,jstarsmorecb@nationalgeographic.com,barra,475.67
445,Mose,mroskamscc@ibm.com,madureira,780.65
446,Aurelia,aromagnosicd@sogou.com,barra,451.34
447,Antons,ahawgoodce@apache.org,barra,995.19
448,Leeland,lalliboncf@google.com.au,centro,634.93
449,Ekaterina,edeppecg@dion.ne.jp,madureira,791.29
450,Kilian,ktaylorch@feedburner.com,madureira,500.72
451,Nanni,nkurtci@usatoday.com,copacabana,942.67
452,Gerda,gjeffreyscj@free.fr,madureira,992.12
453,Erin,etrythallck@elpais.com,centro,870.65
454,Tobe,tlathburycl@multiply.com,madureira,515.96
455,Odetta,obirdseyecm@cornell.edu,madureira,658.21
456,Debbie,ddenisovocn@deviantart.com,centro,494.08
457,Archy,admiterkoco@dell.com,recreio,467.06
458,Neille,ncramercp@guardian.co.uk,barra,570.41
459,Claretta,cdykecq@desdev.cn,barra,901.33
460,Torrie,tcrichcr@epa.gov,copacabana,410.47
461,Marjie,mlinstercs@stanford.edu,centro,710.24
462,Randi,rmaddenct@google.ca,copacabana,922.73
463,Delcine,dhalewoodcu@example.com,recreio,473.23
464,Kathi,klarkbycv@tripod.com,recreio,428.44
465,Trenton,tgorringecw@mashable.com,copacabana,490.38
466,Cliff,chovelcx@webnode.com,madureira,914.6
467,Ezechiel,ebrosicy@geocities.com,copacabana,407.9
468,Duffie,dchalfontcz@marriott.com,madureira,709.11
469,Malchy,mmcevond0@printfriendly.com,recreio,537.23
470,Darlene,dlanningd1@friendfeed.com,madureira,491.57
471,Inessa,imundied2@gravatar.com,barra,638.76
472,Kermy,kbuggsd3@vistaprint.com,centro,516.26
473,Carlo,cwhytockd4@meetup.com,centro,397.98
474,Phillie,pbacksald5@irs.gov,recreio,801.13
475,Emerson,egladtbachd6@disqus.com,recreio,632.7
476,Lilia,ldavenelld7@unicef.org,madureira,416.59
477,Tess,tbaignardd8@hibu.com,barra,861.4
478,Reilly,rlowdeaned9@youtube.com,madureira,731.61
479,Culver,cendenda@arizona.edu,madureira,622.83
480,Derrick,dsangdb@google.de,recreio,714.02
481,Mina,myeelldc@amazon.co.jp,barra,548.99
482,Neile,nbadrockdd@pbs.org,barra,820.81
483,Loren,labrashkovde@about.me,recreio,839.44
484,Jacquetta,jtinkhamdf@harvard.edu,recreio,578.34
485,Brnaba,bcoronasdg@dagondesign.com,copacabana,491.1
486,Rupert,rhartleburydh@tripadvisor.com,copacabana,777.32
487,Malena,mfigurskidi@spotify.com,copacabana,756.08
488,Cord,cfranciolidj@cnn.com,centro,492.33
489,Cecilio,ccotgravedk@wunderground.com,madureira,425.66
490,Lorrie,lfathersdl@narod.ru,copacabana,624.86
491,Reeva,ribbitsondm@webnode.com,madureira,621.14
492,Marv,msibthorpedn@ca.gov,recreio,702.31
493,Jami,jthorneloedo@wikimedia.org,centro,883.47
494,Nickolaus,nvowdondp@cargocollective.com,barra,384.23
495,Findlay,fmellersdq@soup.io,recreio,594.27
496,Peri,pmicklewiczdr@soup.io,barra,901.76
497,Ernest,ewozencroftds@wiley.com,centro,824.57
498,Rand,rdipietrodt@state.gov,madureira,952.32
499,Ian,iucdu@artisteer.com,recreio,503.5
500,Andres,aeverarddv@instagram.com,madureira,518.74
501,Dodie,darberdw@altervista.org,copacabana,758.03
502,Jodi,jyurenindx@hibu.com,barra,956.55
503,Galvan,gbortolussidy@toplist.cz,centro,585.88
504,Mark,meynalddz@stanford.edu,copacabana,560.03
505,Bernard,bpardale0@biglobe.ne.jp,centro,389.76
506,Benedick,bskillerne1@tumblr.com,madureira,534.25
507,Pru,phakewelle2@dailymotion.com,centro,762.51
508,Theobald,tfraylinge3@creativecommons.org,recreio,504.83
509,Lura,llampaerte4@yahoo.com,recreio,900.05
510,Tanitansy,tgoldee5@washingtonpost.com,barra,437.21
511,Gilemette,gduinbletone6@paypal.com,recreio,504.04
512,Reeba,rgribbinse7@soundcloud.com,copacabana,457.37
513,Phillida,pspehre8@tripod.com,centro,855.52
514,Jarvis,jmckerleye9@behance.net,barra,582.22
515,Felipe,fdimmockea@upenn.edu,recreio,722.59
516,Wilmette,wkirkeb@etsy.com,copacabana,917.25
517,Tamma,tgarroldec@dedecms.com,centro,958.73
518,Toby,tmeeroned@facebook.com,copacabana,895.95
519,Rhianon,rhousamanee@cornell.edu,barra,855.95
520,Norry,nflockhartef@cargocollective.com,barra,926.71
521,Olva,ooshevlaneg@google.de,recreio,924.34
522,Christa,csemenseh@nbcnews.com,recreio,539.03
523,Diandra,dpickwellei@yale.edu,madureira,967.94
524,Anthony,akerstingej@vimeo.com,madureira,400.73
525,Tammy,tdufoureek@slideshare.net,copacabana,970.28
526,Lazar,lsalleirel@photobucket.com,copacabana,690.21
527,Carr,cbarnardem@earthlink.net,copacabana,366.17
528,My,mcopinsen@networksolutions.com,centro,584.91
529,Nikolia,nrikardeo@slideshare.net,barra,759.53
530,Hillard,hfrazerep@meetup.com,recreio,544.83
531,Esme,ebrodeureq@cisco.com,recreio,410.97
532,Cord,cblaslier@paypal.com,copacabana,676.34
533,Viviana,vdysteres@addthis.com,centro,755.0
534,Clyve,cwhineset@ebay.com,recreio,890.48
535,Natividad,ntannereu@cisco.com,barra,686.51
536,Gwendolin,grollingev@digg.com,barra,842.86
537,Shell,sfulleew@dion.ne.jp,centro,569.95
538,Leoine,lsoffex@webeden.co.uk,centro,554.75
539,Gennie,ggabrieliey@jigsy.com,madureira,933.35
540,Lorrayne,lcasettaez@livejournal.com,barra,623.08
541,Averil,asinclairf0@bandcamp.com,recreio,367.71
542,Jocelyn,jgauchierf1@angelfire.com,copacabana,468.69
543,Giulietta,gasaaff2@stumbleupon.com,copacabana,445.5
544,Stanley,sarnaudonf3@wp.com,recreio,444.71
545,Parker,pharlowef4@ca.gov,recreio,678.77
546,Barclay,bslavinf5@tinypic.com,barra,980.92
547,Alene,atapnerf6@yahoo.com,recreio,853.06
548,Kanya,kbidewelf7@nps.gov,recreio,989.06
549,Justen,jlambertonf8@bloomberg.com,copacabana,732.93
550,Hillie,hpuckhamf9@php.net,copacabana,800.33
551,Elnore,etomasekfa@sbwire.com,centro,380.45
552,Ira,igodwinfb@army.mil,madureira,975.63
553,Carleen,cjohnstonfc@hibu.com,recreio,914.01
554,Garreth,gbutlerbowdonfd@discovery.com,copacabana,792.9
555,Barth,bcristoufe@smh.com.au,copacabana,506.68
556,Goldy,gburbridgeff@discovery.com,copacabana,760.1
557,Dennison,dhughsonfg@archive.org,madureira,766.36
558,Starla,sduddingfh@msu.edu,recreio,585.03
559,Syman,sarbonfi@accuweather.com,barra,419.16
560,Flora,fsherrardfj@bluehost.com,madureira,920.46
561,Arda,aseelerfk@tamu.edu,centro,889.41
562,Rodrick,rbonsallfl@yolasite.com,barra,723.89
563,Eddy,emacswaydefm@eepurl.com,madureira,435.08
564,Leyla,lfitzgibbonfn@nhs.uk,copacabana,838.43
565,Rich,rpierrepontfo@google.es,madureira,394.23
566,Cecil,csnelmanfp@chicagotribune.com,copacabana,927.08
567,Emera,esilvesterfq@google.com.au,centro,804.76
568,Trenna,tdebullionfr@businessinsider.com,recreio,435.3
569,Carlin,cgreydonfs@state.gov,madureira,396.97
570,Bryon,bkalinkeft@sitemeter.com,centro,861.26
571,Nataline,nvickerstafffu@craigslist.org,madureira,523.08
572,Richmond,rcherrettfv@utexas.edu,barra,589.62
573,Leesa,lbozworthfw@google.de,centro,936.58
574,Ernesto,epestrickefx@sbwire.com,barra,420.6
575,Rae,rbettlesfy@google.com.hk,recreio,998.56
576,Ichabod,iscrasefz@admin.ch,centro,853.79
577,Renado,rfarryg0@hostgator.com,recreio,678.1
578,Mil,mcompfordg1@geocities.jp,recreio,886.25
579,Kayne,krodingerg2@pinterest.com,copacabana,697.08
580,Bartholomeo,bloudong3@123-reg.co.uk,barra,533.96
581,Linn,lpittockg4@dyndns.org,madureira,549.92
582,Betsy,bchestnuttg5@wikia.com,recreio,902.18
583,Yolanthe,yflugerg6@berkeley.edu,madureira,908.89
584,Chrisse,cninnottig7@trellian.com,centro,789.49
585,Karna,ksambrokg8@deviantart.com,copacabana,604.04
586,Bernadene,bcheesworthg9@trellian.com,barra,913.48
587,Karlotta,kriglesfordga@samsung.com,centro,705.45
588,Aleta,aroopergb@bloglines.com,barra,749.56
589,Liuka,lkubangc@sciencedirect.com,centro,447.31
590,Bogey,bbecketgd@g.co,centro,941.31
591,Hedwiga,hbirdenge@clickbank.net,copacabana,505.82
592,Byrle,bguerrogf@businesswire.com,centro,606.98
593,Patty,pratcliffgg@cnbc.com,centro,403.96
594,Nyssa,ngommeygh@mapquest.com,centro,617.09
595,Jack,jmurfingi@walmart.com,centro,719.42
596,Norbie,ndeavingj@privacy.gov.au,centro,929.92
597,Nara,nloakesgk@dailymotion.com,centro,694.08
598,Artemus,abatcockgl@tmall.com,centro,968.09
599,Rosemaria,rdahlbomgm@huffingtonpost.com,copacabana,717.43
600,Raphael,raizicgn@cbsnews.com,recreio,457.19
601,Anitra,adellargo@amazon.de,centro,954.29
602,Morissa,mmacgowgp@blogspot.com,recreio,451.03
603,Archibaldo,adallicottgq@harvard.edu,copacabana,533.84
604,Carri,cluxfordgr@goodreads.com,centro,676.2
605,Kaleena,kcashings@who.int,recreio,852.33
606,Leonelle,lglassupgt@xrea.com,copacabana,804.14
607,Halley,hcoultousgu@shinystat.com,madureira,984.72
608,Chet,celgygv@cmu.edu,madureira,687.16
609,Arvin,acartmellgw@cdbaby.com,barra,827.31
610,Clemmy,csnazelgx@cloudflare.com,madureira,964.74
611,Billie,bmiddisgy@japanpost.jp,madureira,596.45
612,Tanya,tsimonettigz@loc.gov,madureira,744.62
613,Elvis,ebertwistleh0@businessinsider.com,barra,832.84
614,Ariela,aduffh1@cam.ac.uk,recreio,924.02
615,Letizia,lunsteadh2@woothemes.com,recreio,486.86
616,Lita,llocketh3@oakley.com,copacabana,362.91
617,Michael,mmcneachtainh4@hatena.ne.jp,copacabana,977.53
618,Rae,rgrayleyh5@gizmodo.com,madureira,919.84
619,Annalise,adegoeyh6@bloglovin.com,recreio,742.85
620,Fraser,fbycrafth7@fda.gov,centro,352.13
621,Dawna,dbuneyh8@wunderground.com,copacabana,933.18
622,Niccolo,nallpressh9@elegantthemes.com,recreio,750.37
623,Myles,mcharetteha@ebay.com,centro,716.57
624,Ferrel,fsteckingshb@prweb.com,barra,410.32
625,Heriberto,hbavesterhc@npr.org,madureira,587.95
626,Garret,glaceletthd@ning.com,copacabana,622.69
627,Lucienne,lmcgluehe@tiny.cc,copacabana,901.17
628,Sasha,sdrakeleyhf@simplemachines.org,madureira,813.76
629,Quinn,qcushhg@t-online.de,copacabana,722.46
630,Stormy,stimmshh@woothemes.com,barra,963.5
631,Bernadette,bsergenthi@sciencedaily.com,copacabana,610.54
632,Chickie,coldroydehj@tripadvisor.com,centro,614.88
633,Rhea,rblinkhornhk@chron.com,recreio,964.04
634,Gerri,gwindresshl@theguardian.com,madureira,910.99
635,Moyra,missakovhm@posterous.com,barra,844.35
636,Isidore,igonsalvezhn@paginegialle.it,barra,365.58
637,Roda,rgowardho@prnewswire.com,madureira,513.2
638,Mariellen,mbaffhp@github.com,madureira,586.67
639,Denver,dhidderleyhq@biglobe.ne.jp,madureira,719.31
640,Karlotta,knaruphr@com.com,madureira,498.26
641,Mariann,mfridlingtonhs@webs.com,copacabana,514.06
642,Cristina,coganht@constantcontact.com,centro,846.58
643,Terri,tfalknerhu@google.com.hk,centro,522.09
644,Talbot,twhatlinghv@hp.com,barra,599.2
645,Del,dgriffithehw@meetup.com,recreio,359.09
646,Aldis,asymoneshx@msn.com,madureira,831.85
647,Raynell,rmosbyhy@youku.com,centro,661.07
648,Liliane,losbournehz@rambler.ru,madureira,585.6
649,Nanette,nffrenchbeytaghi0@omniture.com,madureira,667.11
650,Leonerd,lstedsoni1@cam.ac.uk,barra,772.56
651,Kip,kpereti2@networkadvertising.org,copacabana,960.18
652,Rochella,reicheleri3@loc.gov,barra,631.07
653,Lorrie,lraikeri4@whitehouse.gov,centro,397.96
654,Mercy,mdergesi5@posterous.com,madureira,888.68
655,Parry,phardisoni6@sphinn.com,centro,903.32
656,Elisha,elenti7@qq.com,recreio,416.61
657,Walther,wnarbetti8@devhub.com,madureira,559.86
658,Timoteo,tferreri9@hatena.ne.jp,centro,690.09
659,Otho,ograhamia@prnewswire.com,barra,625.42
660,Caesar,cjikyllsib@godaddy.com,recreio,450.1
661,Joanne,jcullyic@oracle.com,barra,845.77
662,Jamison,jgantleyid@freewebs.com,recreio,638.67
663,Jo ann,jrosenzwigie@blogger.com,recreio,702.83
664,Granville,ggowthropif@yellowbook.com,centro,562.98
665,Ivan,iayliffeig@tripod.com,centro,947.16
666,Norbert,nlutzih@symantec.com,recreio,653.52
667,Horatio,htremlettii@cnn.com,madureira,886.0
668,Angelico,atorresiij@harvard.edu,madureira,520.79
669,Jandy,jstuckesik@fastcompany.com,copacabana,736.7
670,Birk,bmaesil@livejournal.com,madureira,811.07
671,Webb,wjarretteim@imdb.com,madureira,934.53
672,Timmi,toleninin@paypal.com,barra,425.15
673,Tova,tpenyltonio@alibaba.com,barra,611.37
674,Northrup,nloxleyip@liveinternet.ru,copacabana,749.75
675,Melanie,mcregeeniq@zimbio.com,madureira,812.37
676,Seana,sraggittir@vinaora.com,copacabana,419.79
677,Armand,aboneis@blogger.com,copacabana,923.82
678,Riki,rblunsomit@scribd.com,centro,446.63
679,Onfre,omarioniu@gizmodo.com,madureira,353.39
680,Cole,cspinigeiv@newyorker.com,centro,661.91
681,Ingemar,ikilpatrickiw@oaic.gov.au,centro,563.55
682,Goldina,gmillamix@nasa.gov,recreio,696.54
683,Velma,vbirtleyiy@feedburner.com,barra,776.14
684,Retha,rfilipczakiz@toplist.cz,recreio,372.36
685,Waldemar,wcooneyj0@nydailynews.com,centro,710.95
686,Esta,echrispj1@google.nl,copacabana,617.02
687,Desiri,dnaultyj2@t.co,copacabana,781.96
688,Stephen,soakesj3@instagram.com,copacabana,586.95
689,Kathleen,kspenclayj4@sfgate.com,barra,536.03
690,Anne-marie,agreetj5@comsenz.com,recreio,682.58
691,Imelda,imenlowj6@salon.com,recreio,511.56
692,Brandea,bbierj7@netlog.com,barra,856.5
693,Witty,wpescudj8@opera.com,centro,808.05
694,Temp,tgovinij9@linkedin.com,centro,961.52
695,Leontyne,lcopoja@elpais.com,recreio,892.44
696,Jeniece,jcabenajb@unesco.org,centro,479.47
697,Jeanelle,jspellissyjc@fema.gov,barra,933.62
698,Violetta,vboichatjd@washington.edu,barra,351.88
699,Gladi,ghrynczykje@booking.com,centro,858.33
700,Cyrus,cduleyjf@cargocollective.com,recreio,399.4
701,Raimundo,rwinleyjg@lycos.com,copacabana,725.78
702,Merell,mthezejh@ftc.gov,barra,750.7
703,Allan,apashleyji@plala.or.jp,barra,634.64
704,Julianne,jsimounetjj@addtoany.com,copacabana,479.14
705,Nickolai,njacquotjk@stumbleupon.com,centro,734.7
706,Lyndsey,lfoffanojl@devhub.com,centro,554.07
707,Brewer,bllewellyjm@deliciousdays.com,barra,506.56
708,Gennifer,gskittjn@stanford.edu,centro,562.1
709,Sada,sleathleyjo@europa.eu,recreio,376.18
710,Valera,vholbyjp@reuters.com,madureira,638.78
711,Yetta,ymccombjq@berkeley.edu,copacabana,509.77
712,Alvis,aholstonjr@nyu.edu,recreio,629.22
713,Robinet,rsnedkerjs@merriam-webster.com,centro,824.2
714,Graig,galtoftsjt@ebay.co.uk,centro,865.85
715,Alonzo,asparrowhawkju@tinypic.com,centro,995.54
716,Leese,lestablejv@foxnews.com,barra,647.45
717,Beilul,bmaccallisterjw@google.nl,centro,716.7
718,Kenton,kmckitterickjx@w3.org,madureira,936.84
719,Pedro,pbleakleyjy@vinaora.com,centro,763.5
720,Drake,dclampinjz@usnews.com,recreio,826.45
721,Dorolisa,dlambirthk0@economist.com,recreio,891.24
722,Orville,ocrispink1@theguardian.com,barra,575.55
723,Brandise,bkinzek2@com.com,barra,417.95
724,Bink,bandrink3@cdbaby.com,madureira,983.59
725,Erwin,elepagek4@free.fr,recreio,687.63
726,Eustacia,ehaggisk5@imageshack.us,barra,590.01
727,Octavius,orueggk6@etsy.com,copacabana,554.7
728,Leeland,lprugelk7@imgur.com,copacabana,377.36
729,Bambie,bpegramk8@seattletimes.com,recreio,738.78
730,Griff,graffank9@chronoengine.com,barra,891.29
731,Leigh,ladnamka@ca.gov,copacabana,872.19
732,Leda,lnealkb@japanpost.jp,copacabana,524.56
733,Fair,fnettikc@berkeley.edu,madureira,599.05
734,Milli,marpekd@prlog.org,recreio,865.91
735,Oralie,osmaileke@elegantthemes.com,copacabana,854.41
736,Hendrik,hsacklerkf@usa.gov,recreio,351.4
737,Elnore,efrancescucciokg@cnn.com,copacabana,562.02
738,Kora,kroscriggkh@edublogs.org,copacabana,470.36
739,Hervey,hkibbeki@shop-pro.jp,centro,759.03
740,Steven,scosgrovekj@wufoo.com,copacabana,534.76
741,Dorris,dstorrockkk@telegraph.co.uk,madureira,358.85
742,Dalli,dmathiskl@mtv.com,barra,468.42
743,Wain,wgoshawkekm@freewebs.com,madureira,735.45
744,Caitrin,coliphandkn@discuz.net,barra,529.33
745,Timmie,tfressonko@scribd.com,centro,652.66
746,Gaye,gspeakekp@baidu.com,centro,798.21
747,Alyce,aferbykq@samsung.com,copacabana,652.26
748,Rory,rhalsallkr@behance.net,madureira,903.75
749,Godiva,gshildrickks@europa.eu,barra,364.34
750,Barrie,bbacklerkt@ft.com,madureira,539.5
751,Stacey,slambrichtku@wsj.com,copacabana,771.92
752,Kearney,kattardkv@amazon.co.uk,barra,939.53
753,Maudie,mwrotchfordkw@artisteer.com,recreio,946.0
754,Natty,nchilverkx@list-manage.com,centro,740.87
755,Fidelia,ftolworthyky@ameblo.jp,barra,998.95
756,Henrie,hmckibbenkz@diigo.com,recreio,736.41
757,Andonis,alillecropl0@mediafire.com,copacabana,640.09
758,Aristotle,awroughtl1@privacy.gov.au,madureira,446.12
759,Cordie,cshepcuttl2@foxnews.com,madureira,479.29
760,Kalvin,kgristl3@toplist.cz,barra,433.29
761,Katee,kmatthail4@home.pl,centro,851.51
762,Any,aabramowskyl5@google.de,madureira,952.35
763,Jeddy,jlefevrel6@mozilla.org,centro,514.52
764,Alard,akneel7@youku.com,copacabana,684.2
765,Thorndike,tpettiwardl8@dropbox.com,madureira,629.4
766,Town,tpingstonl9@google.fr,copacabana,752.96
767,Orland,okropla@tinypic.com,copacabana,358.68
768,Toma,tstempelb@creativecommons.org,madureira,566.52
769,Shae,skiebeslc@chicagotribune.com,madureira,796.36
770,Jemmie,jhailld@paginegialle.it,copacabana,871.34
771,Rolland,rdaubenyle@t-online.de,barra,864.74
772,Matilde,mruggslf@devhub.com,recreio,877.25
773,Shaine,sidlelg@accuweather.com,recreio,649.47
774,Bennett,btenwicklh@friendfeed.com,madureira,895.73
775,Humbert,hdamrellli@simplemachines.org,centro,901.63
776,Mel,mcottulj@domainmarket.com,barra,707.38
777,Tabby,theakinslk@latimes.com,barra,503.11
778,Andrea,aciccottoll@marriott.com,madureira,688.14
779,Wandie,wgeaveslm@netvibes.com,centro,423.11
780,Sunny,sluckinln@ft.com,centro,697.25
781,Edwina,egilmartinlo@stanford.edu,barra,667.64
782,Mead,mayreelp@fastcompany.com,barra,382.34
783,Jock,jmeerelq@ucoz.com,copacabana,825.64
784,Guntar,gfellslr@uol.com.br,barra,708.57
785,Garey,gaeryls@cnet.com,copacabana,462.09
786,Mina,mdebrettlt@gov.uk,madureira,700.79
787,Kellyann,kemanuellu@buzzfeed.com,madureira,369.86
788,Hinze,hdivelllv@wordpress.com,madureira,768.85
789,Kathie,khallgalleylw@cmu.edu,centro,688.16
790,Dallas,dizaclx@ustream.tv,madureira,709.26
791,Ingmar,itwelvetreely@merriam-webster.com,barra,446.47
792,Cristy,cquinelllz@columbia.edu,recreio,746.1
793,Glenine,gklimashevichm0@opera.com,centro,928.99
794,Tandie,twortsm1@ycombinator.com,centro,743.23
795,Malva,mmckeighanm2@abc.net.au,recreio,618.72
796,Edie,ejessoppm3@sfgate.com,centro,465.79
797,Barnett,brosetm4@shutterfly.com,copacabana,523.03
798,Carce,cjephsonm5@forbes.com,madureira,374.28
799,Emmi,eposenm6@sphinn.com,recreio,857.02
800,Sancho,skitneym7@instagram.com,centro,392.58
801,Elysia,eegrem8@de.vu,barra,717.05
802,Yank,yreithm9@paypal.com,centro,848.34
803,Margarethe,mvincema@meetup.com,barra,585.57
804,Kimberlee,kstonarymb@netvibes.com,copacabana,701.75
805,Natalee,nlabatiemc@bandcamp.com,madureira,930.12
806,Vivienne,vastlesmd@edublogs.org,copacabana,831.53
807,Aguste,apeaseeme@dmoz.org,recreio,979.02
808,Russell,rgoodenoughmf@163.com,madureira,789.08
809,Judy,jpatemoremg@irs.gov,centro,780.54
810,Torrence,tdigwoodmh@blogtalkradio.com,copacabana,495.77
811,Carleton,clowlesmi@chicagotribune.com,copacabana,609.8
812,Benetta,bforsbeymj@wsj.com,barra,848.25
813,Corrina,ctrebbettmk@prlog.org,madureira,900.32
814,Gwennie,gkingsfordml@networkadvertising.org,centro,562.58
815,Willabella,wallattmm@google.ru,madureira,519.59
816,Heath,hscoonmn@techcrunch.com,copacabana,904.9
817,Massimiliano,mhilldrupmo@shareasale.com,madureira,576.38
818,Kahaleel,kgeertzmp@shutterfly.com,centro,610.11
819,Melania,msavinemq@studiopress.com,madureira,447.61
820,Trina,tbrearmr@over-blog.com,madureira,369.28
821,Tish,tmarzellims@shareasale.com,recreio,710.84
822,Rozanna,rbenesmt@geocities.com,recreio,412.87
823,Cletis,cthowmu@amazon.co.jp,barra,541.71
824,Alwin,abullantmv@nba.com,barra,408.84
825,Jeffie,jrentcomemw@yale.edu,recreio,971.84
826,Lusa,lvassallmx@deviantart.com,recreio,519.38
827,Monty,mbecconsallmy@topsy.com,barra,381.11
828,Alasteir,aarnaudetmz@ezinearticles.com,barra,606.76
829,Regan,rodwyern0@slate.com,madureira,804.92
830,Kayla,klouthn1@purevolume.com,madureira,373.5
831,Philomena,pgaulen2@hud.gov,copacabana,539.34
832,Benedict,bhasardn3@ehow.com,copacabana,621.57
833,Jolene,jblemenn4@booking.com,barra,777.9
834,Willis,wdougaryn5@independent.co.uk,centro,412.32
835,Roland,rohanleyn6@skype.com,centro,946.39
836,Carlie,cpenburtonn7@ucsd.edu,centro,882.8
837,Quintus,qjurkowskin8@npr.org,copacabana,974.12
838,Eden,edacheyn9@squarespace.com,centro,691.29
839,Dorolisa,ddreyena@youtube.com,barra,905.9
840,Saunder,sshelpnb@woothemes.com,madureira,374.17
841,Madeline,mdellcasanc@nationalgeographic.com,barra,806.8
842,Petunia,psiggend@netlog.com,centro,919.15
843,Emalee,emuzzillone@cornell.edu,recreio,849.99
844,Sebastien,sambrosenf@nydailynews.com,madureira,960.84
845,Archibald,apaeckmeyerng@icq.com,recreio,595.63
846,Reid,rcoweuppenh@baidu.com,barra,685.55
847,Walton,wmeharryni@typepad.com,recreio,805.51
848,Wernher,wledsonnj@forbes.com,recreio,371.82
849,Aindrea,akemmeynk@forbes.com,copacabana,837.89
850,Jermain,jcallejanl@yolasite.com,barra,783.13
851,Ardeen,amicheunm@freewebs.com,copacabana,596.02
852,Myrah,mgerbnn@meetup.com,barra,381.62
853,Herschel,hrickerno@tripod.com,barra,725.87
854,Wallis,wcolenuttnp@goo.ne.jp,barra,509.2
855,Philipa,pconiberenq@gmpg.org,recreio,710.05
856,Karlen,ksclaternr@foxnews.com,centro,589.24
857,Forbes,fpringleyns@dailymotion.com,madureira,738.63
858,Vivi,vjaggint@berkeley.edu,recreio,572.71
859,Levin,lballancenu@webmd.com,copacabana,541.14
860,Dante,drussellnv@liveinternet.ru,copacabana,808.89
861,Elissa,ekirdschnw@domainmarket.com,centro,409.84
862,Cathleen,clearienx@blogspot.com,recreio,597.8
863,Benito,bjaquemarny@multiply.com,recreio,832.84
864,Quintin,qrostennz@cisco.com,madureira,923.07
865,Dory,dmcturko0@ycombinator.com,barra,676.84
866,Rolfe,rtollidayo1@imgur.com,copacabana,730.97
867,Lian,lgarritleyo2@economist.com,recreio,658.31
868,Zorah,zmccottero3@acquirethisname.com,madureira,723.89
869,Hersch,hberwicko4@yolasite.com,copacabana,901.17
870,Jaquith,jfootitto5@e-recht24.de,madureira,487.19
871,Lyndsay,llarmouro6@sitemeter.com,recreio,473.29
872,Hans,hgaitskello7@ucla.edu,barra,827.3
873,Odette,oendriccio8@github.io,centro,660.53
874,Nettie,nsullando9@fda.gov,madureira,852.45
875,Haroun,hcoxheadoa@furl.net,copacabana,449.05
876,Tait,tnattrassob@bbc.co.uk,copacabana,823.13
877,Jackson,jalvesoc@mit.edu,centro,586.51
878,Philipa,plinnerod@trellian.com,copacabana,516.38
879,Norris,naronsonoe@squidoo.com,barra,772.76
880,Maud,mbeanyof@tripod.com,recreio,840.99
881,Bob,bliddleog@berkeley.edu,barra,827.33
882,Junina,jhoofeoh@constantcontact.com,centro,638.64
883,Layne,lroseroi@weibo.com,barra,477.1
884,Erhard,eseggesoj@google.cn,madureira,473.16
885,Noella,nvescook@devhub.com,barra,636.9
886,Theadora,tpendrickol@feedburner.com,recreio,873.09
887,Kasey,kshiellom@cam.ac.uk,recreio,727.15
888,Tandy,tjeffryeson@technorati.com,madureira,404.92
889,Jayne,juttridgeoo@creativecommons.org,centro,480.83
890,Yule,yrollingop@google.com.au,copacabana,519.2
891,Chaim,cgallamoreoq@nationalgeographic.com,madureira,477.57
892,Auria,acicchinellior@skype.com,barra,472.31
893,Goddard,ggarriochos@state.gov,barra,391.38
894,Eduard,efortounot@barnesandnoble.com,centro,406.82
895,Dianne,dmaddisonou@accuweather.com,barra,761.64
896,Carline,csingersov@wiley.com,copacabana,619.34
897,Willy,wespinosaow@trellian.com,madureira,627.22
898,Phebe,ppicklesox@telegraph.co.uk,copacabana,407.8
899,Deina,dmerneroy@blinklist.com,barra,690.99
900,Prudi,pdambrosioz@people.com.cn,centro,765.02
901,Ddene,dboulterp0@jigsy.com,copacabana,946.96
902,Danella,dcapelingp1@digg.com,barra,900.59
903,Bennie,bbathap2@huffingtonpost.com,recreio,714.85
904,Lou,lpotellp3@marriott.com,madureira,517.13
905,Yolande,ythamesp4@amazon.co.uk,recreio,959.17
906,Ajay,adombrellp5@scribd.com,copacabana,510.72
907,Onofredo,ohammondp6@oracle.com,centro,751.0
908,Daniella,dhargrovesp7@businessinsider.com,recreio,999.65
909,Ania,ablackwayp8@mac.com,madureira,610.34
910,Sergei,spolonp9@oaic.gov.au,madureira,553.6
911,Grantham,ghowenpa@jimdo.com,centro,502.1
912,Zechariah,znormavillepb@bbb.org,recreio,719.77
913,Blithe,bboarleysonpc@blinklist.com,madureira,605.17
914,Linnet,lyakushkevpd@goo.ne.jp,madureira,500.24
915,Tommie,tbarlaspe@histats.com,madureira,913.11
916,Clevie,crosenscheinpf@japanpost.jp,madureira,895.6
917,Arlen,agrugerrpg@wix.com,madureira,885.32
918,Sandro,sgaydenph@odnoklassniki.ru,copacabana,394.01
919,Naomi,nmclernonpi@skyrock.com,centro,686.99
920,Berni,bteckpj@dion.ne.jp,copacabana,894.3
921,Devina,drheltonpk@google.it,barra,671.36
922,Cornie,cbrimmpl@techcrunch.com,barra,969.87
923,Tobe,tarnoldspm@furl.net,barra,497.63
924,Lezlie,ltoppinpn@discuz.net,madureira,767.9
925,Ferdy,fgrandinpo@unicef.org,recreio,844.09
926,Noelyn,ngatfieldpp@goo.gl,recreio,843.59
927,Bartolemo,bstofferpq@linkedin.com,copacabana,578.56
928,Cordey,carchleypr@senate.gov,barra,792.74
929,Marcella,mtoutps@yolasite.com,copacabana,355.46
930,Julina,jvasyaninpt@prnewswire.com,centro,776.53
931,Merralee,mandraschpu@rediff.com,centro,798.64
932,Karlis,khornungpv@techcrunch.com,recreio,627.89
933,Lura,lstrodepw@usa.gov,centro,879.36
934,Libby,lhowlandpx@seesaa.net,recreio,850.19
935,Sindee,swintersonpy@feedburner.com,copacabana,811.87
936,Lil,lcoatenpz@ning.com,barra,596.19
937,Lorraine,lmckeeq0@weibo.com,copacabana,491.16
938,Morgan,mgoncaloq1@barnesandnoble.com,recreio,552.29
939,Mort,mfarransq2@kickstarter.com,barra,792.63
940,Cherri,cgoodletq3@microsoft.com,copacabana,595.87
941,Merrick,malbanyq4@cyberchimps.com,madureira,410.82
942,Joellyn,jstuckq5@scientificamerican.com,centro,734.44
943,Adiana,acammockq6@sourceforge.net,centro,878.85
944,Wilburt,wtembridgeq7@abc.net.au,barra,369.1
945,Danielle,dzecchiniiq8@163.com,recreio,570.15
946,Amy,afreeburnq9@marketwatch.com,centro,784.73
947,Calv,ctapleyqa@economist.com,copacabana,374.52
948,Craggy,cminkinqb@gizmodo.com,copacabana,488.45
949,Antin,adelahayqc@github.com,madureira,558.04
950,Pincus,pbarkleyqd@weibo.com,recreio,985.67
951,Dot,dbausqe@altervista.org,madureira,880.41
952,Cookie,ccheneqf@unicef.org,madureira,627.05
953,Moselle,mfeeleyqg@zdnet.com,madureira,486.02
954,Gabie,gcawthornqh@nytimes.com,recreio,725.54
955,Hi,hkirscheqi@phpbb.com,copacabana,600.94
956,Hermy,hhewlingsqj@discovery.com,copacabana,831.46
957,Melisent,mcostellowqk@eventbrite.com,copacabana,386.5
958,Glendon,glongdonql@hatena.ne.jp,centro,421.28
959,Royce,rtinmouthqm@jiathis.com,centro,670.82
960,Liane,lpiertonqn@cyberchimps.com,madureira,768.95
961,Leroi,lcainesqo@typepad.com,recreio,493.59
962,Janetta,jteanbyqp@google.it,barra,928.42
963,Corly,cquadrioqq@alibaba.com,recreio,814.43
964,Daile,docurriganqr@google.it,madureira,391.85
965,Bridie,bluchettiqs@rediff.com,centro,965.92
966,Imelda,iollanderqt@archive.org,copacabana,416.98
967,Paddie,pchastanetqu@washingtonpost.com,recreio,358.08
968,Brinna,bopperyqv@reverbnation.com,barra,969.39
969,Antone,amauriceqw@wordpress.com,recreio,402.44
970,Raff,rguymerqx@devhub.com,centro,492.01
971,Mortie,mwildboreqy@ask.com,madureira,998.45
972,Katusha,kfenneyqz@google.ca,centro,871.17
973,Marris,msoggr0@dailymotion.com,copacabana,575.42
974,Coraline,cphrippr1@indiatimes.com,centro,647.43
975,Brandise,bbeamentr2@homestead.com,copacabana,963.97
976,Chryste,cgianinottir3@zdnet.com,recreio,727.66
977,Pammi,pfairebrotherr4@epa.gov,madureira,375.05
978,Lancelot,lcramer5@statcounter.com,centro,866.72
979,Nick,nbyassr6@ovh.net,barra,909.76
980,Willabella,wfenixr7@senate.gov,recreio,949.68
981,Sheba,sclulowr8@paginegialle.it,barra,486.77
982,Jourdan,jcornthwaiter9@gizmodo.com,recreio,438.13
983,Carmelina,cmontfordra@bloomberg.com,madureira,867.32
984,Aloise,aedglerrb@buzzfeed.com,recreio,660.3
985,Mariya,mjohlrc@imageshack.us,copacabana,881.03
986,Angeline,acooderd@epa.gov,copacabana,403.33
987,Liva,lnorkuttre@quantcast.com,barra,755.37
988,Cletus,cseaterrf@economist.com,centro,510.82
989,Keely,kpetersenrg@nps.gov,barra,779.75
990,Lowrance,lcreaserrh@baidu.com,recreio,877.92
991,Kyrstin,ksalleri@icq.com,madureira,479.89
992,Angelika,acriminrj@liveinternet.ru,copacabana,592.43
993,Christen,cdouganrk@aboutads.info,barra,615.02
994,Hunt,hfostrl@blogs.com,centro,667.99
995,Roberto,rgueinnrm@sbwire.com,copacabana,404.05
996,Bertrando,bdozdillrn@live.com,centro,694.24
997,Lek,lswadlinro@wikispaces.com,barra,478.81
998,Randee,rpickersailrp@sina.com.cn,madureira,884.13
999,Carolyn,cwhallrq@sohu.com,barra,994.58
1000,Cissy,crollsrr@cbsnews.com,barra,793.16
